{
  "firstLayout": "",
  "gdVersion": {
    "build": 99,
    "major": 4,
    "minor": 0,
    "revision": 0
  },
  "properties": {
    "adaptGameResolutionAtRuntime": true,
    "folderProject": false,
    "orientation": "landscape",
    "packageName": "com.example.gamename",
    "pixelsRounding": false,
    "projectUuid": "2634dc5a-7900-4c90-a922-669c4a7e6ba9",
    "scaleMode": "linear",
    "sizeOnStartupMode": "",
    "templateSlug": "",
    "useExternalSourceFiles": false,
    "version": "1.0.0",
    "name": "slidinbg puzzle",
    "description": "",
    "author": "",
    "windowWidth": 800,
    "windowHeight": 600,
    "latestCompilationDirectory": "",
    "maxFPS": 60,
    "minFPS": 20,
    "verticalSync": false,
    "platformSpecificAssets": {},
    "loadingScreen": {
      "backgroundColor": 0,
      "backgroundFadeInDuration": 0.2,
      "backgroundImageResourceName": "",
      "gdevelopLogoStyle": "light",
      "logoAndProgressFadeInDuration": 0.2,
      "logoAndProgressLogoFadeInDelay": 0.2,
      "minDuration": 1.5,
      "progressBarColor": 16777215,
      "progressBarHeight": 20,
      "progressBarMaxWidth": 200,
      "progressBarMinWidth": 40,
      "progressBarWidthPercent": 30,
      "showGDevelopSplash": true,
      "showProgressBar": true
    },
    "authorIds": [],
    "categories": [],
    "playableDevices": [],
    "extensionProperties": [],
    "platforms": [
      {
        "name": "GDevelop JS platform"
      }
    ],
    "currentPlatform": "GDevelop JS platform"
  },
  "resources": {
    "resources": [
      {
        "alwaysLoaded": false,
        "file": "fish.jpg",
        "kind": "image",
        "metadata": "",
        "name": "fish.jpg",
        "smoothed": true,
        "userAdded": true
      },
      {
        "alwaysLoaded": false,
        "file": "dog.jpg",
        "kind": "image",
        "metadata": "",
        "name": "dog.jpg",
        "smoothed": true,
        "userAdded": true
      },
      {
        "alwaysLoaded": false,
        "file": "NewSprite-1-1.png",
        "kind": "image",
        "metadata": "",
        "name": "NewSprite-1-1.png",
        "smoothed": true,
        "userAdded": false
      },
      {
        "alwaysLoaded": false,
        "file": "Rover.jpg",
        "kind": "image",
        "metadata": "",
        "name": "Rover.jpg",
        "smoothed": true,
        "userAdded": true
      },
      {
        "alwaysLoaded": false,
        "file": "car.jpg",
        "kind": "image",
        "metadata": "",
        "name": "car.jpg",
        "smoothed": true,
        "userAdded": true
      },
      {
        "alwaysLoaded": false,
        "file": "NewSprite-1.png",
        "kind": "image",
        "metadata": "",
        "name": "NewSprite-1.png",
        "smoothed": true,
        "userAdded": true
      },
      {
        "alwaysLoaded": false,
        "file": "NewSprite-1-0.png",
        "kind": "image",
        "metadata": "",
        "name": "NewSprite-1-0.png",
        "smoothed": true,
        "userAdded": false
      },
      {
        "alwaysLoaded": false,
        "file": "NewSprite-1-2.png",
        "kind": "image",
        "metadata": "",
        "name": "NewSprite-1-2.png",
        "smoothed": true,
        "userAdded": false
      },
      {
        "alwaysLoaded": false,
        "file": "NewSprite-1-3.png",
        "kind": "image",
        "metadata": "",
        "name": "NewSprite-1-3.png",
        "smoothed": true,
        "userAdded": false
      },
      {
        "alwaysLoaded": false,
        "file": "NewSprite-1-4.png",
        "kind": "image",
        "metadata": "",
        "name": "NewSprite-1-4.png",
        "smoothed": true,
        "userAdded": false
      }
    ],
    "resourceFolders": []
  },
  "objects": [],
  "objectsGroups": [],
  "variables": [],
  "layouts": [
    {
      "b": 209,
      "disableInputWhenNotFocused": true,
      "mangledName": "Untitled_32scene",
      "name": "Untitled scene",
      "r": 209,
      "standardSortMethod": true,
      "stopSoundsOnStartup": true,
      "title": "",
      "v": 209,
      "uiSettings": {
        "grid": false,
        "gridType": "rectangular",
        "gridWidth": 70,
        "gridHeight": 70,
        "gridOffsetX": 0,
        "gridOffsetY": 0,
        "gridColor": 10401023,
        "gridAlpha": 0.8,
        "snap": false,
        "zoomFactor": 1.166666660308839,
        "windowMask": false
      },
      "objectsGroups": [
        {
          "name": "TileGroup",
          "objects": [
            {
              "name": "Dog"
            },
            {
              "name": "Fish"
            },
            {
              "name": "Rover"
            },
            {
              "name": "Car"
            }
          ]
        },
        {
          "name": "UIGroup",
          "objects": [
            {
              "name": "YesButton"
            },
            {
              "name": "NoButton"
            }
          ]
        },
        {
          "name": "ButtonGroup",
          "objects": [
            {
              "name": "ArrowRight"
            },
            {
              "name": "ArrowLeft"
            },
            {
              "name": "NewGame"
            },
            {
              "name": "YesButton"
            },
            {
              "name": "NoButton"
            }
          ]
        }
      ],
      "variables": [],
      "instances": [
        {
          "angle": 0,
          "customSize": true,
          "height": 32,
          "layer": "",
          "name": "Anchor",
          "persistentUuid": "20dedb12-699a-44d7-ae45-99390a30330b",
          "width": 31.9999942779541,
          "x": 279.1000061035156,
          "y": 121.25,
          "zOrder": 7,
          "numberProperties": [],
          "stringProperties": [],
          "initialVariables": []
        },
        {
          "angle": 180,
          "customSize": false,
          "height": 0,
          "layer": "",
          "name": "ArrowRight",
          "persistentUuid": "a7766880-6645-4570-aac1-a7fabffff5f3",
          "width": 0,
          "x": 159,
          "y": 218,
          "zOrder": 10,
          "numberProperties": [],
          "stringProperties": [],
          "initialVariables": []
        },
        {
          "angle": 0,
          "customSize": false,
          "height": 0,
          "layer": "",
          "name": "ArrowLeft",
          "persistentUuid": "070c8a84-cf92-457a-990c-ec8b1d069450",
          "width": 0,
          "x": 36,
          "y": 214,
          "zOrder": 11,
          "numberProperties": [],
          "stringProperties": [],
          "initialVariables": []
        },
        {
          "angle": 0,
          "customSize": true,
          "height": 82,
          "layer": "",
          "name": "PuzzleSelector",
          "persistentUuid": "2cb0c398-1bd4-44ab-ab77-cbf764a70531",
          "width": 82,
          "x": 73,
          "y": 191,
          "zOrder": 12,
          "numberProperties": [],
          "stringProperties": [],
          "initialVariables": []
        },
        {
          "angle": 0,
          "customSize": false,
          "height": 0,
          "layer": "",
          "name": "NewGame",
          "persistentUuid": "63b8cfb0-b496-483a-a7eb-50e1a295e600",
          "width": 0,
          "x": 85,
          "y": 287,
          "zOrder": 13,
          "numberProperties": [],
          "stringProperties": [],
          "initialVariables": []
        },
        {
          "angle": 0,
          "customSize": false,
          "height": 0,
          "layer": "",
          "name": "YesButton",
          "persistentUuid": "5a0e5499-f46c-4791-b6c4-225ffc287d16",
          "width": 0,
          "x": 74,
          "y": 359,
          "zOrder": 14,
          "numberProperties": [],
          "stringProperties": [],
          "initialVariables": []
        },
        {
          "angle": 0,
          "customSize": false,
          "height": 0,
          "layer": "",
          "name": "NoButton",
          "persistentUuid": "65d9a9e9-63f1-4cbc-9697-462858608869",
          "width": 0,
          "x": 127,
          "y": 357,
          "zOrder": 15,
          "numberProperties": [],
          "stringProperties": [],
          "initialVariables": []
        },
        {
          "angle": 0,
          "customSize": false,
          "height": 0,
          "layer": "",
          "name": "InfoText",
          "persistentUuid": "46b1625a-324d-459e-9ef0-38d183b82d3a",
          "width": 0,
          "x": 79,
          "y": 166,
          "zOrder": 16,
          "numberProperties": [],
          "stringProperties": [],
          "initialVariables": []
        }
      ],
      "objects": [
        {
          "assetStoreId": "",
          "height": 256,
          "name": "Dog",
          "tags": "",
          "texture": "dog.jpg",
          "type": "TiledSpriteObject::TiledSprite",
          "width": 256,
          "variables": [
            {
              "folded": true,
              "name": "Row",
              "type": "number",
              "value": 0
            },
            {
              "folded": true,
              "name": "Column",
              "type": "number",
              "value": 0
            }
          ],
          "effects": [
            {
              "effectType": "Glow",
              "name": "outline",
              "doubleParameters": {
                "distance": 15,
                "innerStrength": 1,
                "outerStrength": 2
              },
              "stringParameters": {
                "color": "255;255;255"
              },
              "booleanParameters": {}
            }
          ],
          "behaviors": [
            {
              "name": "Tween",
              "type": "Tween::TweenBehavior"
            }
          ]
        },
        {
          "assetStoreId": "",
          "height": 256,
          "name": "Car",
          "tags": "",
          "texture": "car.jpg",
          "type": "TiledSpriteObject::TiledSprite",
          "width": 256,
          "variables": [
            {
              "folded": true,
              "name": "Row",
              "type": "number",
              "value": 0
            },
            {
              "folded": true,
              "name": "Column",
              "type": "number",
              "value": 0
            }
          ],
          "effects": [
            {
              "effectType": "Glow",
              "name": "outline",
              "doubleParameters": {
                "distance": 15,
                "innerStrength": 1,
                "outerStrength": 2
              },
              "stringParameters": {
                "color": "255;255;255"
              },
              "booleanParameters": {}
            }
          ],
          "behaviors": [
            {
              "name": "Tween",
              "type": "Tween::TweenBehavior"
            }
          ]
        },
        {
          "assetStoreId": "",
          "height": 256,
          "name": "Fish",
          "tags": "",
          "texture": "fish.jpg",
          "type": "TiledSpriteObject::TiledSprite",
          "width": 256,
          "variables": [
            {
              "folded": true,
              "name": "Row",
              "type": "number",
              "value": 0
            },
            {
              "folded": true,
              "name": "Column",
              "type": "number",
              "value": 0
            }
          ],
          "effects": [
            {
              "effectType": "Glow",
              "name": "outline",
              "doubleParameters": {
                "distance": 15,
                "innerStrength": 1,
                "outerStrength": 2
              },
              "stringParameters": {
                "color": "#ffffff"
              },
              "booleanParameters": {}
            }
          ],
          "behaviors": [
            {
              "name": "Tween",
              "type": "Tween::TweenBehavior"
            }
          ]
        },
        {
          "assetStoreId": "",
          "height": 256,
          "name": "Rover",
          "tags": "",
          "texture": "Rover.jpg",
          "type": "TiledSpriteObject::TiledSprite",
          "width": 256,
          "variables": [
            {
              "folded": true,
              "name": "Row",
              "type": "number",
              "value": 0
            },
            {
              "folded": true,
              "name": "Column",
              "type": "number",
              "value": 0
            }
          ],
          "effects": [
            {
              "effectType": "Outline",
              "name": "outline",
              "doubleParameters": {
                "padding": 3,
                "thickness": 5
              },
              "stringParameters": {
                "color": "80;227;194"
              },
              "booleanParameters": {}
            }
          ],
          "behaviors": [
            {
              "name": "Tween",
              "type": "Tween::TweenBehavior"
            }
          ]
        },
        {
          "assetStoreId": "",
          "name": "Anchor",
          "tags": "",
          "type": "Sprite",
          "updateIfNotVisible": false,
          "variables": [],
          "effects": [],
          "behaviors": [],
          "animations": [
            {
              "name": "NewSprite",
              "useMultipleDirections": false,
              "directions": [
                {
                  "looping": false,
                  "timeBetweenFrames": 0.07999999821186066,
                  "sprites": [
                    {
                      "hasCustomCollisionMask": false,
                      "image": "NewSprite-1-1.png",
                      "points": [],
                      "originPoint": {
                        "name": "origine",
                        "x": 17.100000381469727,
                        "y": 16.25
                      },
                      "centerPoint": {
                        "automatic": false,
                        "name": "centre",
                        "x": 17.100000381469727,
                        "y": 16.25
                      },
                      "customCollisionMask": []
                    }
                  ]
                }
              ]
            }
          ]
        },
        {
          "assetStoreId": "",
          "name": "ArrowRight",
          "tags": "",
          "type": "Sprite",
          "updateIfNotVisible": false,
          "variables": [],
          "effects": [],
          "behaviors": [],
          "animations": [
            {
              "name": "NewSprite",
              "useMultipleDirections": false,
              "directions": [
                {
                  "looping": false,
                  "timeBetweenFrames": 0.07999999821186066,
                  "sprites": [
                    {
                      "hasCustomCollisionMask": false,
                      "image": "NewSprite-1.png",
                      "points": [],
                      "originPoint": {
                        "name": "origine",
                        "x": 0,
                        "y": 0
                      },
                      "centerPoint": {
                        "automatic": true,
                        "name": "centre",
                        "x": 0,
                        "y": 0
                      },
                      "customCollisionMask": []
                    }
                  ]
                }
              ]
            }
          ]
        },
        {
          "assetStoreId": "",
          "name": "ArrowLeft",
          "tags": "",
          "type": "Sprite",
          "updateIfNotVisible": false,
          "variables": [],
          "effects": [],
          "behaviors": [],
          "animations": [
            {
              "name": "NewSprite",
              "useMultipleDirections": false,
              "directions": [
                {
                  "looping": false,
                  "timeBetweenFrames": 0.07999999821186066,
                  "sprites": [
                    {
                      "hasCustomCollisionMask": false,
                      "image": "NewSprite-1.png",
                      "points": [],
                      "originPoint": {
                        "name": "origine",
                        "x": 0,
                        "y": 0
                      },
                      "centerPoint": {
                        "automatic": true,
                        "name": "centre",
                        "x": 0,
                        "y": 0
                      },
                      "customCollisionMask": []
                    }
                  ]
                }
              ]
            }
          ]
        },
        {
          "assetStoreId": "",
          "name": "PuzzleSelector",
          "tags": "",
          "type": "Sprite",
          "updateIfNotVisible": false,
          "variables": [],
          "effects": [],
          "behaviors": [],
          "animations": [
            {
              "name": "Car 4x4",
              "useMultipleDirections": false,
              "directions": [
                {
                  "looping": false,
                  "timeBetweenFrames": 0.08,
                  "sprites": [
                    {
                      "hasCustomCollisionMask": false,
                      "image": "car.jpg",
                      "points": [],
                      "originPoint": {
                        "name": "origine",
                        "x": 0,
                        "y": 0
                      },
                      "centerPoint": {
                        "automatic": true,
                        "name": "centre",
                        "x": 0,
                        "y": 0
                      },
                      "customCollisionMask": []
                    }
                  ]
                }
              ]
            },
            {
              "name": "Dog 5x5",
              "useMultipleDirections": false,
              "directions": [
                {
                  "looping": false,
                  "timeBetweenFrames": 0.08,
                  "sprites": [
                    {
                      "hasCustomCollisionMask": false,
                      "image": "dog.jpg",
                      "points": [],
                      "originPoint": {
                        "name": "origine",
                        "x": 0,
                        "y": 0
                      },
                      "centerPoint": {
                        "automatic": true,
                        "name": "centre",
                        "x": 0,
                        "y": 0
                      },
                      "customCollisionMask": []
                    }
                  ]
                }
              ]
            },
            {
              "name": "Fish 6x4",
              "useMultipleDirections": false,
              "directions": [
                {
                  "looping": false,
                  "timeBetweenFrames": 0.08,
                  "sprites": [
                    {
                      "hasCustomCollisionMask": false,
                      "image": "fish.jpg",
                      "points": [],
                      "originPoint": {
                        "name": "origine",
                        "x": 0,
                        "y": 0
                      },
                      "centerPoint": {
                        "automatic": true,
                        "name": "centre",
                        "x": 0,
                        "y": 0
                      },
                      "customCollisionMask": []
                    }
                  ]
                }
              ]
            },
            {
              "name": "Rover 10x10",
              "useMultipleDirections": false,
              "directions": [
                {
                  "looping": false,
                  "timeBetweenFrames": 0.08,
                  "sprites": [
                    {
                      "hasCustomCollisionMask": false,
                      "image": "Rover.jpg",
                      "points": [],
                      "originPoint": {
                        "name": "origine",
                        "x": 0,
                        "y": 0
                      },
                      "centerPoint": {
                        "automatic": true,
                        "name": "centre",
                        "x": 0,
                        "y": 0
                      },
                      "customCollisionMask": []
                    }
                  ]
                }
              ]
            }
          ]
        },
        {
          "assetStoreId": "",
          "name": "NewGame",
          "tags": "",
          "type": "Sprite",
          "updateIfNotVisible": false,
          "variables": [],
          "effects": [],
          "behaviors": [],
          "animations": [
            {
              "name": "NewSprite",
              "useMultipleDirections": false,
              "directions": [
                {
                  "looping": false,
                  "timeBetweenFrames": 0.07999999821186066,
                  "sprites": [
                    {
                      "hasCustomCollisionMask": false,
                      "image": "NewSprite-1-0.png",
                      "points": [],
                      "originPoint": {
                        "name": "origine",
                        "x": 0,
                        "y": 0
                      },
                      "centerPoint": {
                        "automatic": true,
                        "name": "centre",
                        "x": 0,
                        "y": 0
                      },
                      "customCollisionMask": []
                    }
                  ]
                }
              ]
            }
          ]
        },
        {
          "assetStoreId": "",
          "name": "YesButton",
          "tags": "",
          "type": "Sprite",
          "updateIfNotVisible": false,
          "variables": [],
          "effects": [],
          "behaviors": [],
          "animations": [
            {
              "name": "NewSprite",
              "useMultipleDirections": false,
              "directions": [
                {
                  "looping": false,
                  "timeBetweenFrames": 0.07999999821186066,
                  "sprites": [
                    {
                      "hasCustomCollisionMask": false,
                      "image": "NewSprite-1-2.png",
                      "points": [],
                      "originPoint": {
                        "name": "origine",
                        "x": 0,
                        "y": 0
                      },
                      "centerPoint": {
                        "automatic": true,
                        "name": "centre",
                        "x": 0,
                        "y": 0
                      },
                      "customCollisionMask": []
                    }
                  ]
                }
              ]
            }
          ]
        },
        {
          "assetStoreId": "",
          "name": "NoButton",
          "tags": "",
          "type": "Sprite",
          "updateIfNotVisible": false,
          "variables": [],
          "effects": [],
          "behaviors": [],
          "animations": [
            {
              "name": "NewSprite",
              "useMultipleDirections": false,
              "directions": [
                {
                  "looping": false,
                  "timeBetweenFrames": 0.07999999821186066,
                  "sprites": [
                    {
                      "hasCustomCollisionMask": false,
                      "image": "NewSprite-1-4.png",
                      "points": [],
                      "originPoint": {
                        "name": "origine",
                        "x": 0,
                        "y": 0
                      },
                      "centerPoint": {
                        "automatic": true,
                        "name": "centre",
                        "x": 0,
                        "y": 0
                      },
                      "customCollisionMask": []
                    }
                  ]
                }
              ]
            }
          ]
        },
        {
          "assetStoreId": "",
          "bold": false,
          "italic": false,
          "name": "InfoText",
          "smoothed": true,
          "tags": "",
          "type": "TextObject::Text",
          "underlined": false,
          "variables": [],
          "effects": [],
          "behaviors": [],
          "string": "Car 4x4",
          "font": "",
          "characterSize": 20,
          "color": {
            "b": 0,
            "g": 0,
            "r": 0
          }
        }
      ],
      "events": [
        {
          "type": "BuiltinCommonInstructions::Comment",
          "color": {
            "b": 109,
            "g": 230,
            "r": 255,
            "textB": 0,
            "textG": 0,
            "textR": 0
          },
          "comment": "Create sliding tile function  [sprite for image Dog, Car, Fish or rove] [anchor x,y are the offset or starting position] [size is the number of columns and rows] [spacing is spacing between tiles]\n(images are all royalty free from Pexels.com)",
          "comment2": ""
        },
        {
          "type": "BuiltinCommonInstructions::Standard",
          "conditions": [
            {
              "type": {
                "value": "DepartScene"
              },
              "parameters": [
                ""
              ]
            }
          ],
          "actions": [
            {
              "type": {
                "value": "SlidingPuzzle::CreateTiles"
              },
              "parameters": [
                "",
                "Car",
                "Anchor.CenterX()",
                "Anchor.CenterY()",
                "4",
                "4",
                "2",
                ""
              ]
            },
            {
              "type": {
                "value": "Cache"
              },
              "parameters": [
                "Anchor"
              ]
            },
            {
              "type": {
                "value": "Cache"
              },
              "parameters": [
                "UIGroup"
              ]
            }
          ]
        },
        {
          "type": "BuiltinCommonInstructions::Standard",
          "conditions": [],
          "actions": [
            {
              "type": {
                "value": "EnableEffect"
              },
              "parameters": [
                "TileGroup",
                "\"outline\"",
                "no"
              ]
            }
          ]
        },
        {
          "type": "BuiltinCommonInstructions::Standard",
          "conditions": [
            {
              "type": {
                "value": "SourisSurObjet"
              },
              "parameters": [
                "TileGroup",
                "",
                "",
                ""
              ]
            },
            {
              "type": {
                "value": "SceneVariableAsBoolean"
              },
              "parameters": [
                "MovingTiles",
                ""
              ]
            }
          ],
          "actions": [
            {
              "type": {
                "value": "ModVarScene"
              },
              "parameters": [
                "CurrentID",
                "=",
                "TileGroup.Variable(ID)"
              ]
            }
          ],
          "events": [
            {
              "type": "BuiltinCommonInstructions::Standard",
              "conditions": [
                {
                  "type": {
                    "value": "AjoutObjConcern"
                  },
                  "parameters": [
                    "",
                    "TileGroup"
                  ]
                },
                {
                  "type": {
                    "value": "SlidingPuzzle::CanMove"
                  },
                  "parameters": [
                    "",
                    "TileGroup",
                    "Variable(CurrentID)",
                    "Variable(x)"
                  ]
                },
                {
                  "type": {
                    "value": "VarObjet"
                  },
                  "parameters": [
                    "TileGroup",
                    "ID",
                    "=",
                    "Variable(CurrentID)"
                  ]
                }
              ],
              "actions": [
                {
                  "type": {
                    "value": "EnableEffect"
                  },
                  "parameters": [
                    "TileGroup",
                    "\"outline\"",
                    "yes"
                  ]
                }
              ],
              "events": [
                {
                  "type": "BuiltinCommonInstructions::Standard",
                  "conditions": [
                    {
                      "type": {
                        "value": "MouseButtonPressed"
                      },
                      "parameters": [
                        "",
                        "Left"
                      ]
                    },
                    {
                      "type": {
                        "value": "PickedInstancesCount"
                      },
                      "parameters": [
                        "TileGroup",
                        "=",
                        "1"
                      ]
                    }
                  ],
                  "actions": [
                    {
                      "type": {
                        "value": "SetSceneVariableAsBoolean"
                      },
                      "parameters": [
                        "MovingTiles",
                        "True"
                      ]
                    },
                    {
                      "type": {
                        "value": "AjoutObjConcern"
                      },
                      "parameters": [
                        "",
                        "TileGroup"
                      ]
                    },
                    {
                      "type": {
                        "value": "SlidingPuzzle::MoveTile"
                      },
                      "parameters": [
                        "",
                        "TileGroup",
                        "Tween",
                        "Variable(CurrentID)",
                        ""
                      ]
                    }
                  ],
                  "events": [
                    {
                      "type": "BuiltinCommonInstructions::Standard",
                      "conditions": [],
                      "actions": []
                    }
                  ]
                }
              ]
            }
          ]
        },
        {
          "type": "BuiltinCommonInstructions::Standard",
          "conditions": [
            {
              "type": {
                "value": "Tween::HasFinished"
              },
              "parameters": [
                "TileGroup",
                "Tween",
                "\"swapPlaces\""
              ]
            }
          ],
          "actions": [
            {
              "type": {
                "value": "SetSceneVariableAsBoolean"
              },
              "parameters": [
                "MovingTiles",
                "False"
              ]
            },
            {
              "type": {
                "value": "Tween::RemoveTween"
              },
              "parameters": [
                "TileGroup",
                "Tween",
                "\"swapPlaces\""
              ]
            }
          ],
          "events": [
            {
              "type": "BuiltinCommonInstructions::Standard",
              "conditions": [
                {
                  "type": {
                    "value": "AjoutObjConcern"
                  },
                  "parameters": [
                    "",
                    "TileGroup"
                  ]
                },
                {
                  "type": {
                    "value": "ObjectVariableAsBoolean"
                  },
                  "parameters": [
                    "TileGroup",
                    "EmptySpace",
                    "True"
                  ]
                }
              ],
              "actions": [
                {
                  "type": {
                    "value": "Cache"
                  },
                  "parameters": [
                    "TileGroup"
                  ]
                }
              ]
            },
            {
              "type": "BuiltinCommonInstructions::Standard",
              "conditions": [
                {
                  "type": {
                    "value": "AjoutObjConcern"
                  },
                  "parameters": [
                    "",
                    "TileGroup"
                  ]
                },
                {
                  "type": {
                    "value": "SlidingPuzzle::CheckForWin"
                  },
                  "parameters": [
                    "",
                    "TileGroup",
                    ""
                  ]
                },
                {
                  "type": {
                    "value": "ObjectVariableAsBoolean"
                  },
                  "parameters": [
                    "TileGroup",
                    "EmptySpace",
                    "True"
                  ]
                }
              ],
              "actions": [
                {
                  "type": {
                    "value": "Montre"
                  },
                  "parameters": [
                    "TileGroup",
                    ""
                  ]
                },
                {
                  "type": {
                    "value": "Wait"
                  },
                  "parameters": [
                    "1"
                  ]
                },
                {
                  "type": {
                    "value": "Cache"
                  },
                  "parameters": [
                    "TileGroup"
                  ]
                }
              ]
            }
          ]
        },
        {
          "type": "BuiltinCommonInstructions::Standard",
          "conditions": [
            {
              "type": {
                "value": "KeyReleased"
              },
              "parameters": [
                "",
                "Escape"
              ]
            }
          ],
          "actions": [
            {
              "type": {
                "value": "Scene"
              },
              "parameters": [
                "",
                "\"Untitled scene\"",
                ""
              ]
            }
          ]
        },
        {
          "colorB": 228,
          "colorG": 176,
          "colorR": 74,
          "creationTime": 0,
          "name": "Change puzzle image",
          "source": "",
          "type": "BuiltinCommonInstructions::Group",
          "events": [
            {
              "type": "BuiltinCommonInstructions::Standard",
              "conditions": [
                {
                  "type": {
                    "value": "MouseButtonPressed"
                  },
                  "parameters": [
                    "",
                    "Left"
                  ]
                },
                {
                  "type": {
                    "value": "SourisSurObjet"
                  },
                  "parameters": [
                    "ButtonGroup",
                    "",
                    "",
                    ""
                  ]
                },
                {
                  "type": {
                    "value": "PickedInstancesCount"
                  },
                  "parameters": [
                    "ButtonGroup",
                    "=",
                    "1"
                  ]
                },
                {
                  "type": {
                    "value": "BuiltinCommonInstructions::Once"
                  },
                  "parameters": []
                }
              ],
              "actions": [],
              "events": [
                {
                  "type": "BuiltinCommonInstructions::Standard",
                  "conditions": [
                    {
                      "type": {
                        "value": "SourisSurObjet"
                      },
                      "parameters": [
                        "ArrowLeft",
                        "",
                        "",
                        ""
                      ]
                    }
                  ],
                  "actions": [
                    {
                      "type": {
                        "value": "ModVarScene"
                      },
                      "parameters": [
                        "CurrentImage",
                        "-",
                        "1"
                      ]
                    }
                  ],
                  "events": [
                    {
                      "type": "BuiltinCommonInstructions::Standard",
                      "conditions": [
                        {
                          "type": {
                            "value": "VarScene"
                          },
                          "parameters": [
                            "CurrentImage",
                            "<",
                            "0"
                          ]
                        }
                      ],
                      "actions": [
                        {
                          "type": {
                            "value": "ModVarScene"
                          },
                          "parameters": [
                            "CurrentImage",
                            "=",
                            "3"
                          ]
                        }
                      ]
                    }
                  ]
                },
                {
                  "type": "BuiltinCommonInstructions::Standard",
                  "conditions": [
                    {
                      "type": {
                        "value": "SourisSurObjet"
                      },
                      "parameters": [
                        "ArrowRight",
                        "",
                        "",
                        ""
                      ]
                    }
                  ],
                  "actions": [
                    {
                      "type": {
                        "value": "ModVarScene"
                      },
                      "parameters": [
                        "CurrentImage",
                        "+",
                        "1"
                      ]
                    }
                  ],
                  "events": [
                    {
                      "type": "BuiltinCommonInstructions::Standard",
                      "conditions": [
                        {
                          "type": {
                            "value": "VarScene"
                          },
                          "parameters": [
                            "CurrentImage",
                            ">",
                            "3"
                          ]
                        }
                      ],
                      "actions": [
                        {
                          "type": {
                            "value": "ModVarScene"
                          },
                          "parameters": [
                            "CurrentImage",
                            "=",
                            "0"
                          ]
                        }
                      ]
                    }
                  ]
                },
                {
                  "type": "BuiltinCommonInstructions::Standard",
                  "conditions": [],
                  "actions": [
                    {
                      "type": {
                        "value": "ChangeAnimation"
                      },
                      "parameters": [
                        "PuzzleSelector",
                        "=",
                        "Variable(CurrentImage)"
                      ]
                    },
                    {
                      "type": {
                        "value": "TextObject::String"
                      },
                      "parameters": [
                        "InfoText",
                        "=",
                        "PuzzleSelector.AnimationName()"
                      ]
                    }
                  ]
                },
                {
                  "type": "BuiltinCommonInstructions::Standard",
                  "conditions": [
                    {
                      "type": {
                        "value": "SourisSurObjet"
                      },
                      "parameters": [
                        "NewGame",
                        "",
                        "",
                        ""
                      ]
                    }
                  ],
                  "actions": [
                    {
                      "type": {
                        "value": "AjoutObjConcern"
                      },
                      "parameters": [
                        "",
                        "ButtonGroup"
                      ]
                    },
                    {
                      "type": {
                        "value": "Montre"
                      },
                      "parameters": [
                        "ButtonGroup",
                        ""
                      ]
                    }
                  ]
                },
                {
                  "type": "BuiltinCommonInstructions::Standard",
                  "conditions": [
                    {
                      "type": {
                        "value": "SourisSurObjet"
                      },
                      "parameters": [
                        "YesButton",
                        "",
                        "",
                        ""
                      ]
                    }
                  ],
                  "actions": [
                    {
                      "type": {
                        "value": "Delete"
                      },
                      "parameters": [
                        "TileGroup",
                        ""
                      ]
                    },
                    {
                      "type": {
                        "value": "AjoutObjConcern"
                      },
                      "parameters": [
                        "",
                        "ButtonGroup"
                      ]
                    },
                    {
                      "type": {
                        "value": "Cache"
                      },
                      "parameters": [
                        "UIGroup"
                      ]
                    }
                  ],
                  "events": [
                    {
                      "type": "BuiltinCommonInstructions::Standard",
                      "conditions": [
                        {
                          "type": {
                            "value": "VarScene"
                          },
                          "parameters": [
                            "CurrentImage",
                            "=",
                            "0"
                          ]
                        }
                      ],
                      "actions": [
                        {
                          "type": {
                            "value": "SlidingPuzzle::CreateTiles"
                          },
                          "parameters": [
                            "",
                            "Car",
                            "Anchor.CenterX()",
                            "Anchor.CenterY()",
                            "4",
                            "4",
                            "2",
                            ""
                          ]
                        }
                      ]
                    },
                    {
                      "type": "BuiltinCommonInstructions::Standard",
                      "conditions": [
                        {
                          "type": {
                            "value": "VarScene"
                          },
                          "parameters": [
                            "CurrentImage",
                            "=",
                            "1"
                          ]
                        }
                      ],
                      "actions": [
                        {
                          "type": {
                            "value": "SlidingPuzzle::CreateTiles"
                          },
                          "parameters": [
                            "",
                            "Dog",
                            "Anchor.CenterX()",
                            "Anchor.CenterY()",
                            "5",
                            "5",
                            "2",
                            ""
                          ]
                        }
                      ]
                    },
                    {
                      "type": "BuiltinCommonInstructions::Standard",
                      "conditions": [
                        {
                          "type": {
                            "value": "VarScene"
                          },
                          "parameters": [
                            "CurrentImage",
                            "=",
                            "2"
                          ]
                        }
                      ],
                      "actions": [
                        {
                          "type": {
                            "value": "SlidingPuzzle::CreateTiles"
                          },
                          "parameters": [
                            "",
                            "Fish",
                            "Anchor.CenterX()",
                            "Anchor.CenterY()",
                            "6",
                            "4",
                            "2",
                            ""
                          ]
                        }
                      ]
                    },
                    {
                      "type": "BuiltinCommonInstructions::Standard",
                      "conditions": [
                        {
                          "type": {
                            "value": "VarScene"
                          },
                          "parameters": [
                            "CurrentImage",
                            "=",
                            "3"
                          ]
                        }
                      ],
                      "actions": [
                        {
                          "type": {
                            "value": "SlidingPuzzle::CreateTiles"
                          },
                          "parameters": [
                            "",
                            "Rover",
                            "Anchor.CenterX()",
                            "Anchor.CenterY()",
                            "10",
                            "10",
                            "2",
                            ""
                          ]
                        }
                      ]
                    }
                  ]
                },
                {
                  "type": "BuiltinCommonInstructions::Standard",
                  "conditions": [
                    {
                      "type": {
                        "value": "SourisSurObjet"
                      },
                      "parameters": [
                        "NoButton",
                        "",
                        "",
                        ""
                      ]
                    }
                  ],
                  "actions": [
                    {
                      "type": {
                        "value": "AjoutObjConcern"
                      },
                      "parameters": [
                        "",
                        "ButtonGroup"
                      ]
                    },
                    {
                      "type": {
                        "value": "Cache"
                      },
                      "parameters": [
                        "UIGroup"
                      ]
                    }
                  ]
                },
                {
                  "type": "BuiltinCommonInstructions::Standard",
                  "conditions": [],
                  "actions": []
                },
                {
                  "type": "BuiltinCommonInstructions::Standard",
                  "conditions": [],
                  "actions": []
                },
                {
                  "type": "BuiltinCommonInstructions::Standard",
                  "conditions": [],
                  "actions": []
                }
              ]
            }
          ],
          "parameters": []
        }
      ],
      "layers": [
        {
          "ambientLightColorB": 0,
          "ambientLightColorG": 7967736,
          "ambientLightColorR": 16,
          "followBaseLayerCamera": false,
          "isLightingLayer": false,
          "name": "",
          "visibility": true,
          "cameras": [
            {
              "defaultSize": true,
              "defaultViewport": true,
              "height": 0,
              "viewportBottom": 1,
              "viewportLeft": 0,
              "viewportRight": 1,
              "viewportTop": 0,
              "width": 0
            }
          ],
          "effects": []
        }
      ],
      "behaviorsSharedData": [
        {
          "name": "Tween",
          "type": "Tween::TweenBehavior"
        }
      ]
    }
  ],
  "externalEvents": [],
  "eventsFunctionsExtensions": [
    {
      "author": "",
      "category": "",
      "extensionNamespace": "",
      "fullName": "",
      "helpPath": "",
      "iconUrl": "",
      "name": "SlidingPuzzle",
      "previewIconUrl": "",
      "shortDescription": "",
      "version": "",
      "description": "",
      "tags": [],
      "authorIds": [],
      "dependencies": [],
      "eventsFunctions": [
        {
          "description": "Create Sliding Tiles",
          "fullName": "Create Tiles",
          "functionType": "Action",
          "name": "CreateTiles",
          "sentence": "Create Sliding Tiles using _PARAM1_ at _PARAM2_ , _PARAM3_ size _PARAM4_ , _PARAM5_ with a spacing of _PARAM6_",
          "events": [
            {
              "type": "BuiltinCommonInstructions::Standard",
              "conditions": [],
              "actions": [
                {
                  "type": {
                    "value": "Create"
                  },
                  "parameters": [
                    "",
                    "TileObj",
                    "0",
                    "0",
                    ""
                  ]
                },
                {
                  "type": {
                    "value": "ModVarScene"
                  },
                  "parameters": [
                    "Row",
                    "=",
                    "0"
                  ]
                },
                {
                  "type": {
                    "value": "ModVarScene"
                  },
                  "parameters": [
                    "ID",
                    "=",
                    "0"
                  ]
                },
                {
                  "type": {
                    "value": "ModVarScene"
                  },
                  "parameters": [
                    "TileWidth",
                    "=",
                    "TileObj.Width()/ GetArgumentAsNumber(\"Columns\")"
                  ]
                },
                {
                  "type": {
                    "value": "ModVarScene"
                  },
                  "parameters": [
                    "TileHeight",
                    "=",
                    "TileObj.Height()/ GetArgumentAsNumber(\"Rows\")"
                  ]
                },
                {
                  "type": {
                    "value": "Delete"
                  },
                  "parameters": [
                    "TileObj",
                    ""
                  ]
                }
              ],
              "events": [
                {
                  "type": "BuiltinCommonInstructions::Standard",
                  "conditions": [],
                  "actions": []
                }
              ]
            },
            {
              "type": "BuiltinCommonInstructions::Repeat",
              "repeatExpression": "GetArgumentAsNumber(\"Rows\")",
              "conditions": [],
              "actions": [
                {
                  "type": {
                    "value": "ModVarScene"
                  },
                  "parameters": [
                    "Column",
                    "=",
                    "0"
                  ]
                }
              ],
              "events": [
                {
                  "type": "BuiltinCommonInstructions::Repeat",
                  "repeatExpression": "GetArgumentAsNumber(\"Columns\")",
                  "conditions": [],
                  "actions": [],
                  "events": [
                    {
                      "type": "BuiltinCommonInstructions::Standard",
                      "conditions": [],
                      "actions": [
                        {
                          "type": {
                            "value": "Create"
                          },
                          "parameters": [
                            "",
                            "TileObj",
                            "GetArgumentAsNumber(\"X\") + (Variable(TileWidth)+ GetArgumentAsNumber(\"Spacing\"))*Variable(Column) ",
                            "GetArgumentAsNumber(\"Y\") + (Variable(TileHeight)+ GetArgumentAsNumber(\"Spacing\"))*Variable(Row)",
                            ""
                          ]
                        },
                        {
                          "type": {
                            "value": "TiledSpriteObject::XOffset"
                          },
                          "parameters": [
                            "TileObj",
                            "=",
                            "Variable(Column)*Variable(TileWidth)"
                          ]
                        },
                        {
                          "type": {
                            "value": "TiledSpriteObject::YOffset"
                          },
                          "parameters": [
                            "TileObj",
                            "=",
                            "Variable(Row)*Variable(TileHeight)"
                          ]
                        },
                        {
                          "type": {
                            "value": "SetObjectVariableAsBoolean"
                          },
                          "parameters": [
                            "TileObj",
                            "EmptySpace",
                            "False"
                          ]
                        },
                        {
                          "type": {
                            "value": "ModVarObjet"
                          },
                          "parameters": [
                            "TileObj",
                            "Spacing",
                            "=",
                            "GetArgumentAsNumber(\"Spacing\")"
                          ]
                        },
                        {
                          "type": {
                            "value": "ModVarScene"
                          },
                          "parameters": [
                            "Column",
                            "+",
                            "1"
                          ]
                        },
                        {
                          "type": {
                            "value": "ModVarObjet"
                          },
                          "parameters": [
                            "TileObj",
                            "ID",
                            "=",
                            "Variable(ID)"
                          ]
                        },
                        {
                          "type": {
                            "value": "ModVarScene"
                          },
                          "parameters": [
                            "ID",
                            "+",
                            "1"
                          ]
                        },
                        {
                          "type": {
                            "value": "TiledSpriteObject::SetSize"
                          },
                          "parameters": [
                            "TileObj",
                            "Variable(TileWidth)",
                            "Variable(TileHeight)"
                          ]
                        },
                        {
                          "type": {
                            "value": "ModVarObjet"
                          },
                          "parameters": [
                            "TileObj",
                            "StartX",
                            "=",
                            "TileObj.CenterX()"
                          ]
                        },
                        {
                          "type": {
                            "value": "ModVarObjet"
                          },
                          "parameters": [
                            "TileObj",
                            "StartY",
                            "=",
                            "TileObj.CenterY()"
                          ]
                        }
                      ]
                    }
                  ]
                },
                {
                  "type": "BuiltinCommonInstructions::Standard",
                  "conditions": [],
                  "actions": [
                    {
                      "type": {
                        "value": "ModVarScene"
                      },
                      "parameters": [
                        "Row",
                        "+",
                        "1"
                      ]
                    }
                  ]
                }
              ]
            },
            {
              "type": "BuiltinCommonInstructions::Standard",
              "conditions": [
                {
                  "type": {
                    "value": "VarObjet"
                  },
                  "parameters": [
                    "TileObj",
                    "ID",
                    "=",
                    "Variable(ID)-1"
                  ]
                }
              ],
              "actions": [
                {
                  "type": {
                    "value": "SetObjectVariableAsBoolean"
                  },
                  "parameters": [
                    "TileObj",
                    "EmptySpace",
                    "True"
                  ]
                },
                {
                  "type": {
                    "value": "Cache"
                  },
                  "parameters": [
                    "TileObj"
                  ]
                }
              ]
            },
            {
              "disabled": true,
              "type": "BuiltinCommonInstructions::Standard",
              "conditions": [],
              "actions": []
            },
            {
              "disabled": true,
              "type": "BuiltinCommonInstructions::Standard",
              "conditions": [],
              "actions": []
            },
            {
              "type": "BuiltinCommonInstructions::Standard",
              "conditions": [],
              "actions": []
            },
            {
              "type": "BuiltinCommonInstructions::Standard",
              "conditions": [],
              "actions": []
            },
            {
              "type": "BuiltinCommonInstructions::Standard",
              "conditions": [],
              "actions": []
            }
          ],
          "parameters": [
            {
              "description": "TileObj",
              "name": "TileObj",
              "supplementaryInformation": "TiledSpriteObject::TiledSprite",
              "type": "objectList"
            },
            {
              "description": "X",
              "name": "X",
              "type": "expression"
            },
            {
              "description": "Y",
              "name": "Y",
              "type": "expression"
            },
            {
              "description": "Columns",
              "name": "Columns",
              "type": "expression"
            },
            {
              "description": "Rows",
              "name": "Rows",
              "type": "expression"
            },
            {
              "description": "Spacing",
              "name": "Spacing",
              "type": "expression"
            }
          ],
          "objectGroups": []
        },
        {
          "description": "Check if tile cane be moved",
          "fullName": "Can Move",
          "functionType": "Condition",
          "name": "CanMove",
          "sentence": "Can Move Tile _PARAM1_ _PARAM2_",
          "events": [
            {
              "type": "BuiltinCommonInstructions::Standard",
              "conditions": [],
              "actions": [
                {
                  "type": {
                    "value": "ModVarScene"
                  },
                  "parameters": [
                    "tAngle",
                    "=",
                    "0"
                  ]
                }
              ]
            },
            {
              "type": "BuiltinCommonInstructions::Standard",
              "conditions": [
                {
                  "type": {
                    "value": "VarObjet"
                  },
                  "parameters": [
                    "TileObj",
                    "ID",
                    "=",
                    "GetArgumentAsNumber(\"TileID\")"
                  ]
                }
              ],
              "actions": [
                {
                  "type": {
                    "value": "ModVarScene"
                  },
                  "parameters": [
                    "tX",
                    "=",
                    "TileObj.CenterX()"
                  ]
                },
                {
                  "type": {
                    "value": "ModVarScene"
                  },
                  "parameters": [
                    "tY",
                    "=",
                    "TileObj.CenterY()"
                  ]
                }
              ]
            },
            {
              "type": "BuiltinCommonInstructions::Standard",
              "conditions": [
                {
                  "type": {
                    "value": "VarObjet"
                  },
                  "parameters": [
                    "TileObj",
                    "ID",
                    "!=",
                    "GetArgumentAsNumber(\"TileID\")"
                  ]
                }
              ],
              "actions": [],
              "events": [
                {
                  "type": "BuiltinCommonInstructions::Repeat",
                  "repeatExpression": "4",
                  "conditions": [],
                  "actions": [],
                  "events": [
                    {
                      "type": "BuiltinCommonInstructions::Standard",
                      "conditions": [
                        {
                          "type": {
                            "value": "Raycast"
                          },
                          "parameters": [
                            "TileObj",
                            "Variable(tX)",
                            "Variable(tY)",
                            "Variable(tAngle)",
                            "1000",
                            "",
                            "",
                            ""
                          ]
                        },
                        {
                          "type": {
                            "value": "ObjectVariableAsBoolean"
                          },
                          "parameters": [
                            "TileObj",
                            "EmptySpace",
                            "True"
                          ]
                        }
                      ],
                      "actions": [
                        {
                          "type": {
                            "value": "SetReturnBoolean"
                          },
                          "parameters": [
                            "True"
                          ]
                        }
                      ]
                    },
                    {
                      "type": "BuiltinCommonInstructions::Standard",
                      "conditions": [],
                      "actions": [
                        {
                          "type": {
                            "value": "ModVarScene"
                          },
                          "parameters": [
                            "tAngle",
                            "+",
                            "90"
                          ]
                        }
                      ]
                    }
                  ]
                }
              ]
            },
            {
              "type": "BuiltinCommonInstructions::Standard",
              "conditions": [],
              "actions": []
            },
            {
              "type": "BuiltinCommonInstructions::Standard",
              "conditions": [],
              "actions": []
            }
          ],
          "parameters": [
            {
              "description": "Tile Object",
              "name": "TileObj",
              "supplementaryInformation": "TiledSpriteObject::TiledSprite",
              "type": "objectList"
            },
            {
              "description": "Tile ID",
              "name": "TileID",
              "type": "expression"
            }
          ],
          "objectGroups": []
        },
        {
          "fullName": "Move Tile",
          "functionType": "Action",
          "name": "MoveTile",
          "sentence": "Move Tile using ID _PARAM1_ _PARAM3_",
          "events": [
            {
              "type": "BuiltinCommonInstructions::Standard",
              "conditions": [],
              "actions": [
                {
                  "type": {
                    "value": "EnableEffect"
                  },
                  "parameters": [
                    "TileObj",
                    "\"outline\"",
                    ""
                  ]
                }
              ]
            },
            {
              "type": "BuiltinCommonInstructions::Standard",
              "conditions": [
                {
                  "type": {
                    "value": "VarObjet"
                  },
                  "parameters": [
                    "TileObj",
                    "ID",
                    "=",
                    "GetArgumentAsNumber(\"TileID\")"
                  ]
                }
              ],
              "actions": [
                {
                  "type": {
                    "value": "ModVarScene"
                  },
                  "parameters": [
                    "tX",
                    "=",
                    "TileObj.X()"
                  ]
                },
                {
                  "type": {
                    "value": "ModVarScene"
                  },
                  "parameters": [
                    "tY",
                    "=",
                    "TileObj.Y()"
                  ]
                }
              ]
            },
            {
              "type": "BuiltinCommonInstructions::Standard",
              "conditions": [
                {
                  "type": {
                    "value": "ObjectVariableAsBoolean"
                  },
                  "parameters": [
                    "TileObj",
                    "EmptySpace",
                    "True"
                  ]
                }
              ],
              "actions": [
                {
                  "type": {
                    "value": "ModVarScene"
                  },
                  "parameters": [
                    "EmptySpaceY",
                    "=",
                    "TileObj.Y()"
                  ]
                },
                {
                  "type": {
                    "value": "ModVarScene"
                  },
                  "parameters": [
                    "EmptySpaceX",
                    "=",
                    "TileObj.X()"
                  ]
                },
                {
                  "type": {
                    "value": "MettreXY"
                  },
                  "parameters": [
                    "TileObj",
                    "=",
                    "Variable(tX)",
                    "=",
                    "Variable(tY)"
                  ]
                },
                {
                  "type": {
                    "value": "Cache"
                  },
                  "parameters": [
                    "TileObj"
                  ]
                }
              ]
            },
            {
              "type": "BuiltinCommonInstructions::Standard",
              "conditions": [
                {
                  "type": {
                    "value": "VarObjet"
                  },
                  "parameters": [
                    "TileObj",
                    "ID",
                    "=",
                    "GetArgumentAsNumber(\"TileID\")"
                  ]
                }
              ],
              "actions": [
                {
                  "type": {
                    "value": "Tween::AddObjectPositionTween"
                  },
                  "parameters": [
                    "TileObj",
                    "Parameter",
                    "\"swapPlaces\"",
                    "Variable(EmptySpaceX)",
                    "Variable(EmptySpaceY)",
                    "\"linear\"",
                    "500",
                    ""
                  ]
                }
              ]
            },
            {
              "type": "BuiltinCommonInstructions::Standard",
              "conditions": [],
              "actions": []
            }
          ],
          "parameters": [
            {
              "description": "Tile Object",
              "name": "TileObj",
              "supplementaryInformation": "TiledSpriteObject::TiledSprite",
              "type": "objectList"
            },
            {
              "description": "",
              "name": "Parameter",
              "supplementaryInformation": "Tween::TweenBehavior",
              "type": "behavior"
            },
            {
              "description": "TileID",
              "name": "TileID",
              "type": "expression"
            }
          ],
          "objectGroups": []
        },
        {
          "fullName": "Check For Win",
          "functionType": "Condition",
          "name": "CheckForWin",
          "sentence": "Check For Win _PARAM1_",
          "events": [
            {
              "type": "BuiltinCommonInstructions::Standard",
              "conditions": [],
              "actions": [
                {
                  "type": {
                    "value": "SetSceneVariableAsBoolean"
                  },
                  "parameters": [
                    "tWin",
                    "True"
                  ]
                }
              ]
            },
            {
              "type": "BuiltinCommonInstructions::ForEach",
              "object": "TileObj",
              "conditions": [],
              "actions": [],
              "events": [
                {
                  "type": "BuiltinCommonInstructions::Standard",
                  "conditions": [
                    {
                      "type": {
                        "value": "BuiltinCommonInstructions::Or"
                      },
                      "parameters": [],
                      "subInstructions": [
                        {
                          "type": {
                            "value": "CenterX"
                          },
                          "parameters": [
                            "TileObj",
                            "!=",
                            "TileObj.Variable(StartX)"
                          ]
                        },
                        {
                          "type": {
                            "value": "CenterY"
                          },
                          "parameters": [
                            "TileObj",
                            "!=",
                            "TileObj.Variable(StartY)"
                          ]
                        }
                      ]
                    }
                  ],
                  "actions": [
                    {
                      "type": {
                        "value": "SetSceneVariableAsBoolean"
                      },
                      "parameters": [
                        "tWin",
                        "False"
                      ]
                    }
                  ]
                }
              ]
            },
            {
              "type": "BuiltinCommonInstructions::Standard",
              "conditions": [
                {
                  "type": {
                    "value": "SceneVariableAsBoolean"
                  },
                  "parameters": [
                    "tWin",
                    "True"
                  ]
                }
              ],
              "actions": [
                {
                  "type": {
                    "value": "SetReturnBoolean"
                  },
                  "parameters": [
                    "True"
                  ]
                }
              ]
            },
            {
              "type": "BuiltinCommonInstructions::Standard",
              "conditions": [],
              "actions": []
            },
            {
              "type": "BuiltinCommonInstructions::Standard",
              "conditions": [],
              "actions": []
            }
          ],
          "parameters": [
            {
              "description": "Tile Objects",
              "name": "TileObj",
              "supplementaryInformation": "TiledSpriteObject::TiledSprite",
              "type": "objectList"
            }
          ],
          "objectGroups": []
        }
      ],
      "eventsBasedBehaviors": [],
      "eventsBasedObjects": []
    }
  ],
  "externalLayouts": [],
  "externalSourceFiles": []
}